"","Kommunkod","Region","Population","Andel_födda_på_population"
"264","0114","Upplands Väsby",50110,10.18
"270","0115","Vallentuna",35076,8.67
"187","0117","Österåker",49282,9.03
"277","0120","Värmdö",46637,8.49
"100","0123","Järfälla",86330,10.25
"44","0125","Ekerö",28808,6.49
"96","0126","Huddinge",113920,9.38
"34","0127","Botkyrka",95592,9.42
"205","0128","Salem",17451,10.31
"80","0136","Haninge",99751,10.62
"259","0138","Tyresö",49173,8.46
"263","0139","Upplands-Bro",32453,11.62
"174","0140","Nykvarn",12107,8.59
"242","0160","Täby",76738,7.64
"40","0162","Danderyd",32419,6.94
"222","0163","Sollentuna",76790,8.97
"229","0180","Stockholm",988943,11.68
"220","0181","Södertälje",102519,10.73
"163","0182","Nacka",110633,9.75
"235","0183","Sundbyberg",55912,14.18
"223","0184","Solna",85426,13.58
"133","0186","Lidingö",48324,7.97
"281","0187","Vaxholm",11817,5.42
"170","0188","Norrtälje",65770,7.47
"209","0191","Sigtuna",52529,10.39
"175","0192","Nynäshamn",30311,9.2
"73","0305","Håbo",22974,8.84
"6","0319","Älvkarleby",9572,9.09
"116","0330","Knivsta",20714,9.03
"86","0331","Heby",14343,8.78
"246","0360","Tierp",21193,7.5
"265","0380","Uppsala",245329,10
"47","0381","Enköping",48292,9.09
"189","0382","Östhammar",22172,7.26
"288","0428","Vingåker",8856,7.45
"64","0461","Gnesta",11520,5.64
"173","0480","Nyköping",58200,8.45
"194","0481","Oxelösund",12106,7.68
"58","0482","Flen",15668,6.83
"110","0483","Katrineholm",34324,8.39
"48","0484","Eskilstuna",107468,9.06
"232","0486","Strängnäs",38917,8.33
"258","0488","Trosa",14885,7.86
"178","0509","Ödeshög",5279,7.39
"289","0512","Ydre",3637,6.6
"113","0513","Kinda",9992,8.71
"35","0560","Boxholm",5523,8.15
"21","0561","Åtvidaberg",11460,9.25
"57","0562","Finspång",21694,7.7
"269","0563","Valdemarsvik",7541,7.96
"137","0580","Linköping",167404,9.29
"169","0581","Norrköping",145163,9.64
"219","0582","Söderköping",14867,6.93
"159","0583","Motala",43728,8.71
"267","0584","Vadstena",7434,7.4
"154","0586","Mjölby",28576,9.52
"9","0604","Aneby",6852,9.19
"65","0617","Gnosjö",9246,8.76
"160","0642","Mullsjö",7577,12.27
"72","0643","Habo",13275,10.55
"63","0662","Gislaved",29014,7.82
"268","0665","Vaggeryd",14811,9.72
"102","0680","Jönköping",146161,10.56
"164","0682","Nässjö",31648,9.32
"278","0683","Värnamo",34601,9.36
"208","0684","Sävsjö",11668,10.97
"284","0685","Vetlanda",27498,8.98
"45","0686","Eksjö",17750,8.51
"254","0687","Tranås",18755,7.73
"266","0760","Uppvidinge",9263,9.18
"132","0761","Lessebo",8342,8.63
"248","0763","Tingsryd",12155,8.14
"5","0764","Alvesta",20040,8.03
"3","0765","Älmhult",17932,10.32
"152","0767","Markaryd",10076,8.54
"282","0780","Växjö",97574,10.45
"138","0781","Ljungby",28304,9.01
"93","0821","Högsby",5438,5.88
"252","0834","Torsås",7002,9.14
"158","0840","Mörbylånga",16144,7.68
"98","0860","Hultsfred",13883,7.64
"156","0861","Mönsterås",13134,8.15
"46","0862","Emmaboda",9056,8.06
"104","0880","Kalmar",72304,9.68
"172","0881","Nybro",20145,8.79
"186","0882","Oskarshamn",26918,9.06
"280","0883","Västervik",36434,7.93
"286","0884","Vimmerby",15461,9.12
"32","0885","Borgholm",10748,4.75
"68","0980","Gotland",61029,7.44
"179","1060","Olofström",13061,6.66
"108","1080","Karlskrona",66420,8.76
"202","1081","Ronneby",29021,8.27
"106","1082","Karlshamn",31996,7.94
"224","1083","Sölvesborg",17475,7.9
"239","1214","Svalöv",14544,9.35
"227","1230","Staffanstorp",27152,9.43
"38","1231","Burlöv",19844,10.13
"283","1233","Vellinge",37738,7.13
"190","1256","Östra Göinge",14331,8.58
"181","1257","Örkelljunga",10433,9.49
"27","1260","Bjuv",15968,9.02
"111","1261","Kävlinge",32430,8.29
"141","1262","Lomma",24627,6.46
"240","1263","Svedala",23470,9.29
"216","1264","Skurup",16861,10.2
"211","1265","Sjöbo",19437,8.59
"95","1266","Hörby",15585,8.6
"94","1267","Höör",17376,9.38
"250","1270","Tomelilla",13660,8.2
"37","1272","Bromölla",12498,7.68
"185","1273","Osby",13106,8.85
"197","1275","Perstorp",7323,10.51
"115","1276","Klippan",17723,8.13
"20","1277","Åstorp",16458,9.84
"23","1278","Båstad",15912,8.17
"148","1280","Malmö",362133,12.23
"144","1281","Lund",130288,7.76
"127","1282","Landskrona",47134,9.61
"88","1283","Helsingborg",151306,10.18
"92","1284","Höganäs",28193,7.52
"49","1285","Eslöv",34775,9.55
"290","1286","Ystad",31911,7.74
"256","1287","Trelleborg",46936,9.12
"119","1290","Kristianstad",86560,9.98
"210","1291","Simrishamn",18962,7.38
"11","1292","Ängelholm",44866,8.51
"85","1293","Hässleholm",52241,8.73
"99","1315","Hylte",10299,7.86
"78","1380","Halmstad",105796,9.21
"126","1381","Laholm",26565,8.73
"52","1382","Falkenberg",47108,9.72
"275","1383","Varberg",68325,8.97
"124","1384","Kungsbacka",85653,8.2
"84","1401","Härryda",39875,9.03
"196","1402","Partille",40730,10.48
"177","1407","Öckerö",12819,6.47
"228","1415","Stenungsund",27862,8.87
"249","1419","Tjörn",16146,7.12
"184","1421","Orust",15333,6.59
"226","1427","Sotenäs",9052,5.63
"161","1430","Munkedal",10502,7.62
"243","1435","Tanum",12865,5.6
"39","1438","Dals-Ed",4606,4.99
"55","1439","Färgelanda",6434,6.99
"1","1440","Ale",32446,9.62
"131","1441","Lerum",43706,8.95
"276","1442","Vårgårda",12384,9.93
"29","1443","Bollebygd",9733,9.14
"69","1444","Grästorp",5563,6.29
"50","1445","Essunga",5656,5.66
"105","1446","Karlsborg",7061,7.08
"71","1447","Gullspång",5119,7.03
"255","1452","Tranemo",11883,8.16
"24","1460","Bengtsfors",9138,6.24
"153","1461","Mellerud",9165,8.95
"135","1462","Lilla Edet",14426,10.88
"151","1463","Mark",35287,8.36
"241","1465","Svenljunga",10759,10.41
"89","1466","Herrljunga",9441,8.9
"274","1470","Vara",16066,9.09
"67","1471","Götene",13218,7.79
"244","1472","Tibro",11332,8.91
"251","1473","Töreboda",9141,9.19
"66","1480","Göteborg",604616,11.25
"155","1481","Mölndal",70534,11.2
"123","1482","Kungälv",49785,9.62
"146","1484","Lysekil",13969,7.09
"260","1485","Uddevalla",57045,9.73
"233","1486","Strömstad",13476,9.8
"271","1487","Vänersborg",40012,9.87
"257","1488","Trollhättan",59073,9.51
"2","1489","Alingsås",42382,8.92
"31","1490","Borås",114592,9.78
"261","1491","Ulricehamn",25087,8.45
"8","1492","Åmål",12006,6.58
"150","1493","Mariestad",24647,7.67
"134","1494","Lidköping",40539,8.86
"212","1495","Skara",18654,9.97
"215","1496","Skövde",57763,9.64
"90","1497","Hjo",9258,8.86
"245","1498","Tidaholm",12839,9.42
"53","1499","Falköping",32991,10.34
"112","1715","Kil",12085,8.77
"43","1730","Eda",8499,7.65
"253","1737","Torsby",11387,6.94
"230","1760","Storfors",3801,8.16
"79","1761","Hammarö",16940,7.73
"162","1762","Munkfors",3669,7.9
"59","1763","Forshaga",11538,8.58
"70","1764","Grums",9057,7.73
"14","1765","Årjäng",9893,9
"237","1766","Sunne",13366,8.16
"109","1780","Karlstad",97233,8.62
"120","1781","Kristinehamn",23817,7.56
"56","1782","Filipstad",10034,6.58
"74","1783","Hagfors",11536,8.15
"17","1784","Arvika",25682,6.42
"203","1785","Säffle",15011,8.13
"129","1814","Lekeberg",8606,8.95
"128","1860","Laxå",5497,5.09
"76","1861","Hallsberg",16232,8.5
"41","1862","Degerfors",9357,6.73
"75","1863","Hällefors",6495,5.23
"140","1864","Ljusnarsberg",4407,7.03
"180","1880","Örebro",159348,9.92
"122","1881","Kumla",22516,9.33
"19","1882","Askersund",11478,8.97
"107","1883","Karlskoga",30261,8.82
"165","1884","Nora",10627,7.9
"136","1885","Lindesberg",23292,8.46
"214","1904","Skinnskatteberg",4348,6.44
"238","1907","Surahammar",9934,8.66
"125","1960","Kungsör",8643,9.02
"77","1961","Hallstahammar",16654,9.25
"166","1962","Norberg",5517,6.16
"279","1980","Västerås",159662,9.73
"204","1981","Sala",22853,8.36
"51","1982","Fagersta",13222,7.49
"117","1983","Köping",25978,9.01
"12","1984","Arboga",14002,7.86
"273","2021","Vansbro",6728,7.88
"149","2023","Malung-Sälen",10260,8.67
"60","2026","Gagnef",10430,10.93
"130","2029","Leksand",16043,7.79
"200","2031","Rättvik",11042,7.34
"183","2034","Orsa",6908,7.24
"4","2039","Älvdalen",6929,6.35
"217","2061","Smedjebacken",10913,7.61
"157","2062","Mora",20536,6.43
"54","2080","Falun",59986,9.42
"33","2081","Borlänge",51735,8.97
"207","2082","Säter",11243,8.89
"87","2083","Hedemora",15345,7.62
"22","2084","Avesta",22753,8.79
"142","2085","Ludvika",26402,8.45
"176","2101","Ockelbo",5758,7.82
"91","2104","Hofors",9374,7.25
"191","2121","Ovanåker",11525,9.28
"167","2132","Nordanstig",9370,7.36
"139","2161","Ljusdal",18538,6.58
"62","2180","Gävle",103532,8.66
"206","2181","Sandviken",38628,8.18
"218","2182","Söderhamn",24858,6.72
"30","2183","Bollnäs",26414,7.42
"97","2184","Hudiksvall",37645,7.81
"10","2260","Ånge",9109,7.47
"247","2262","Timrå",17540,7.81
"83","2280","Härnösand",24654,7.67
"236","2281","Sundsvall",99213,8.58
"118","2282","Kramfors",17631,6.18
"221","2283","Sollefteå",18523,7.18
"182","2284","Örnsköldsvik",55478,8.33
"199","2303","Ragunda",5135,9.15
"36","2305","Bräcke",6099,5.57
"121","2309","Krokom",15595,9.17
"234","2313","Strömsund",11113,6.75
"13","2321","Åre",12464,10.59
"25","2326","Berg",7140,8.26
"82","2361","Härjedalen",10145,6.9
"188","2380","Östersund",64881,9.22
"168","2401","Nordmaling",7033,7.82
"26","2403","Bjurholm",2348,8.94
"287","2404","Vindeln",5461,9.34
"201","2409","Robertsfors",6740,6.68
"171","2417","Norsjö",3924,5.86
"147","2418","Malå",2990,10.37
"231","2421","Storuman",5621,5.69
"225","2422","Sorsele",2387,6.28
"42","2425","Dorotea",2339,3.42
"272","2460","Vännäs",9059,11.26
"285","2462","Vilhelmina",6263,6.23
"18","2463","Åsele",2718,7.36
"262","2480","Umeå",133091,9.17
"145","2481","Lycksele",12213,7.7
"213","2482","Skellefteå",76542,8.19
"16","2505","Arvidsjaur",6113,8.18
"15","2506","Arjeplog",2609,5.37
"101","2510","Jokkmokk",4728,8.88
"192","2513","Överkalix",3162,6.96
"103","2514","Kalix",15547,7.08
"193","2518","Övertorneå",4088,7.34
"195","2521","Pajala",5871,7.66
"61","2523","Gällivare",17330,8.94
"7","2560","Älvsbyn",7783,7.84
"143","2580","Luleå",79352,8.25
"198","2581","Piteå",42344,8.67
"28","2582","Boden",27943,8.02
"81","2583","Haparanda",9177,5.01
"114","2584","Kiruna",22433,9.45
